Workbook

Sheet Sector Detail
A1: उन्नत सेक्टर विश्लेषण डेटाबेस / Sector Detailed Analytics Database — October 2026 | P1: KEY | Q1: FORMULA_VALUE
A2: जिला कार्यालय बैतूल · म.प्र. राज्य नागरिक आपूर्ति निगम | Report Date: 19/09/2026 | P2: Total Allocation | Q2: =E26
A3: Sr.No क्र. | B3: Block ब्लॉक | C3: Sector Name सेक्टर नाम | D3: Shops दुकाने | E3: Allocation (Qt) आवंटन | F3: Dispatch (Qt) उठाव | G3: Lift % उठाव % | H3: POS Receipt % POS प्राप्ति % | I3: POS Gap (pp) POS अंतर | J3: Remaining (Qt) लंबित मात्रा | K3: Risk Tier जोखिम श्रेणी | L3: District Rank जिला रैंक | M3: Transporter Name परिवहनकर्ता | N3: Mobile Number मोबाइल नंबर | P3: Total Dispatch | Q3: =F26
A4: 1 | B4: बैतूल | C4: बैतूल सेक्टर क्र 1 | D4: 29 | E4: 3570.51 | F4: 1528.85 | G4: =F4/E4 | H4: =402.8/E4 | I4: =(F4/E4 - H4)*100 | J4: =E4-F4 | K4: =IF(G4>=0.95,"Excellent",IF(G4>=0.85,"Good",IF(G4>=0.70,"Watch","Critical"))) | L4: =RANK(G4,$G$4:$G$25,0) | M4: श्री प्रदीप सिंह | N4: 6268969949 | P4: District Lift Pct | Q4: =G26
A5: 2 | B5: बैतूल | C5: बैतूल सेक्टर क्र 2 | D5: 36 | E5: 3830.84 | F5: 1552.57 | G5: =F5/E5 | H5: =556.8900000000001/E5 | I5: =(F5/E5 - H5)*100 | J5: =E5-F5 | K5: =IF(G5>=0.95,"Excellent",IF(G5>=0.85,"Good",IF(G5>=0.70,"Watch","Critical"))) | L5: =RANK(G5,$G$4:$G$25,0) | M5: श्री पीयूष आर्य | N5: 9977060636 | P5: Pending Qty | Q5: =J26
A6: 3 | B6: बैतूल | C6: बैतूल सेक्टर क्र 3 | D6: 38 | E6: 4000.32 | F6: 1126.12 | G6: =F6/E6 | H6: =603.7500000000001/E6 | I6: =(F6/E6 - H6)*100 | J6: =E6-F6 | K6: =IF(G6>=0.95,"Excellent",IF(G6>=0.85,"Good",IF(G6>=0.70,"Watch","Critical"))) | L6: =RANK(G6,$G$4:$G$25,0) | M6: श्री राहुल परिहार | N6: 7489479209 | P6: Avg POS Receipt Pct | Q6: =H26
A7: 4 | B7: शाहपुर | C7: शाहपुर सेक्टर क्र 4 | D7: 24 | E7: 3060.33 | F7: 1299.97 | G7: =F7/E7 | H7: =833.68/E7 | I7: =(F7/E7 - H7)*100 | J7: =E7-F7 | K7: =IF(G7>=0.95,"Excellent",IF(G7>=0.85,"Good",IF(G7>=0.70,"Watch","Critical"))) | L7: =RANK(G7,$G$4:$G$25,0) | M7: श्री विनोद यादव | N7: 9009236960 | P7: Critical Sectors | Q7: =COUNTIF(K4:K25,"Critical")
A8: 5 | B8: शाहपुर | C8: शाहपुर सेक्टर क्र 5 | D8: 33 | E8: 3051.27 | F8: 1417.77 | G8: =F8/E8 | H8: =280.95000000000005/E8 | I8: =(F8/E8 - H8)*100 | J8: =E8-F8 | K8: =IF(G8>=0.95,"Excellent",IF(G8>=0.85,"Good",IF(G8>=0.70,"Watch","Critical"))) | L8: =RANK(G8,$G$4:$G$25,0) | M8: श्री प्रितम कावरे | N8: 9644152518 | P8: Watch Sectors | Q8: =COUNTIF(K4:K25,"Watch")
A9: 6 | B9: घोडाडोंगरी | C9: घोडाडोंगरी सेक्टर क्र 6 | D9: 17 | E9: 2516.99 | F9: 840.44 | G9: =F9/E9 | H9: =549.1800000000001/E9 | I9: =(F9/E9 - H9)*100 | J9: =E9-F9 | K9: =IF(G9>=0.95,"Excellent",IF(G9>=0.85,"Good",IF(G9>=0.70,"Watch","Critical"))) | L9: =RANK(G9,$G$4:$G$25,0) | M9: श्री साजन राठौर | N9: 9685311795 | P9: Excellent Sectors | Q9: =COUNTIF(K4:K25,"Excellent")
A10: 7 | B10: घोडाडोंगरी | C10: घोडाडोंगरी सेक्टर क्र 7 | D10: 25 | E10: 2846.82 | F10: 1634.76 | G10: =F10/E10 | H10: =944.89/E10 | I10: =(F10/E10 - H10)*100 | J10: =E10-F10 | K10: =IF(G10>=0.95,"Excellent",IF(G10>=0.85,"Good",IF(G10>=0.70,"Watch","Critical"))) | L10: =RANK(G10,$G$4:$G$25,0) | M10: श्री मुकेश राठौर | N10: 8319253402
A11: 8 | B11: घोडाडोंगरी | C11: घोडाडोंगरी सेक्टर क्र 8 | D11: 26 | E11: 3200.66 | F11: 2103.85 | G11: =F11/E11 | H11: =1149.6300000000003/E11 | I11: =(F11/E11 - H11)*100 | J11: =E11-F11 | K11: =IF(G11>=0.95,"Excellent",IF(G11>=0.85,"Good",IF(G11>=0.70,"Watch","Critical"))) | L11: =RANK(G11,$G$4:$G$25,0) | M11: श्री अंकित राठौर | N11: 9425006557
A12: 9 | B12: चिचोली | C12: चिचोली सेक्टर क्र 9 | D12: 29 | E12: 2936.4 | F12: 1072.29 | G12: =F12/E12 | H12: =866.5699999999999/E12 | I12: =(F12/E12 - H12)*100 | J12: =E12-F12 | K12: =IF(G12>=0.95,"Excellent",IF(G12>=0.85,"Good",IF(G12>=0.70,"Watch","Critical"))) | L12: =RANK(G12,$G$4:$G$25,0) | M12: श्री सौरभ भारद्वाज | N12: 8109700701
A13: 10 | B13: भीमपुर | C13: भीमपुर सेक्टर क्र 10 | D13: 25 | E13: 2954.57 | F13: 1118.09 | G13: =F13/E13 | H13: =877.3599999999999/E13 | I13: =(F13/E13 - H13)*100 | J13: =E13-F13 | K13: =IF(G13>=0.95,"Excellent",IF(G13>=0.85,"Good",IF(G13>=0.70,"Watch","Critical"))) | L13: =RANK(G13,$G$4:$G$25,0) | M13: श्री नीलू रैचे | N13: 9806081360
A14: 11 | B14: भीमपुर | C14: भीमपुर सेक्टर क्र 11 | D14: 22 | E14: 3059.37 | F14: 954.61 | G14: =F14/E14 | H14: =954.6100000000001/E14 | I14: =(F14/E14 - H14)*100 | J14: =E14-F14 | K14: =IF(G14>=0.95,"Excellent",IF(G14>=0.85,"Good",IF(G14>=0.70,"Watch","Critical"))) | L14: =RANK(G14,$G$4:$G$25,0) | M14: श्री पीयूष आर्य | N14: 9977060636
A15: 12 | B15: भैसदेही | C15: भैसदेही सेक्टर क्र 12 | D15: 29 | E15: 3254.4 | F15: 2169.88 | G15: =F15/E15 | H15: =1419.2599999999995/E15 | I15: =(F15/E15 - H15)*100 | J15: =E15-F15 | K15: =IF(G15>=0.95,"Excellent",IF(G15>=0.85,"Good",IF(G15>=0.70,"Watch","Critical"))) | L15: =RANK(G15,$G$4:$G$25,0) | M15: श्री अभिषेक मालवीय | N15: 9669921969
A16: 13 | B16: भैसदेही | C16: भैसदेही सेक्टर क्र 13 | D16: 26 | E16: 3002.5 | F16: 1946.74 | G16: =F16/E16 | H16: =1798.65/E16 | I16: =(F16/E16 - H16)*100 | J16: =E16-F16 | K16: =IF(G16>=0.95,"Excellent",IF(G16>=0.85,"Good",IF(G16>=0.70,"Watch","Critical"))) | L16: =RANK(G16,$G$4:$G$25,0) | M16: श्री दिनेश लिखितकर | N16: 9770142072
A17: 14 | B17: आठनेर | C17: आठनेर सेक्टर क्र 14 | D17: 30 | E17: 2964.38 | F17: 918.94 | G17: =F17/E17 | H17: =571.46/E17 | I17: =(F17/E17 - H17)*100 | J17: =E17-F17 | K17: =IF(G17>=0.95,"Excellent",IF(G17>=0.85,"Good",IF(G17>=0.70,"Watch","Critical"))) | L17: =RANK(G17,$G$4:$G$25,0) | M17: श्री सुभाष राठौर | N17: 9406566700
A18: 15 | B18: आठनेर | C18: आठनेर सेक्टर क्र 15 | D18: 25 | E18: 2781.31 | F18: 1130.21 | G18: =F18/E18 | H18: =227.79/E18 | I18: =(F18/E18 - H18)*100 | J18: =E18-F18 | K18: =IF(G18>=0.95,"Excellent",IF(G18>=0.85,"Good",IF(G18>=0.70,"Watch","Critical"))) | L18: =RANK(G18,$G$4:$G$25,0) | M18: श्री निलेश सोनी | N18: 9754226851
A19: 16 | B19: प्रभातपटटन | C19: प्रभातपटटन सेक्टर क्र 16 | D19: 39 | E19: 3359 | F19: 885.3 | G19: =F19/E19 | H19: =168.51999999999998/E19 | I19: =(F19/E19 - H19)*100 | J19: =E19-F19 | K19: =IF(G19>=0.95,"Excellent",IF(G19>=0.85,"Good",IF(G19>=0.70,"Watch","Critical"))) | L19: =RANK(G19,$G$4:$G$25,0) | M19: श्री दुर्गादास सोनारे | N19: 9975003109
A20: 17 | B20: प्रभातपटटन | C20: प्रभातपटटन सेक्टर क्र 17 | D20: 31 | E20: 3119.76 | F20: 817.84 | G20: =F20/E20 | H20: =196.45/E20 | I20: =(F20/E20 - H20)*100 | J20: =E20-F20 | K20: =IF(G20>=0.95,"Excellent",IF(G20>=0.85,"Good",IF(G20>=0.70,"Watch","Critical"))) | L20: =RANK(G20,$G$4:$G$25,0) | M20: श्री ओमप्रकाश भोपते | N20: 8989100399
A21: 18 | B21: मुलताई | C21: मुलताई क्र सेक्टर 18 | D21: 37 | E21: 3693.01 | F21: 962.7 | G21: =F21/E21 | H21: =304.8/E21 | I21: =(F21/E21 - H21)*100 | J21: =E21-F21 | K21: =IF(G21>=0.95,"Excellent",IF(G21>=0.85,"Good",IF(G21>=0.70,"Watch","Critical"))) | L21: =RANK(G21,$G$4:$G$25,0) | M21: श्री जितेन्द्र सिंह | N21: 9399942746
A22: 19 | B22: मुलताई | C22: मुलताई सेक्टर क्र 19 | D22: 39 | E22: 3656.27 | F22: 735.71 | G22: =F22/E22 | H22: =90.4/E22 | I22: =(F22/E22 - H22)*100 | J22: =E22-F22 | K22: =IF(G22>=0.95,"Excellent",IF(G22>=0.85,"Good",IF(G22>=0.70,"Watch","Critical"))) | L22: =RANK(G22,$G$4:$G$25,0) | M22: श्री विरेन्द्र परिहार | N22: 7389431405
A23: 20 | B23: आमला | C23: आमला सेक्टर क्र 20 | D23: 37 | E23: 4274.47 | F23: 696.97 | G23: =F23/E23 | H23: =115.57/E23 | I23: =(F23/E23 - H23)*100 | J23: =E23-F23 | K23: =IF(G23>=0.95,"Excellent",IF(G23>=0.85,"Good",IF(G23>=0.70,"Watch","Critical"))) | L23: =RANK(G23,$G$4:$G$25,0) | M23: श्री रविन्द्र सिंह तोमर | N23: 9893903157
A24: 21 | B24: आमला | C24: आमला सेक्टर क्र 21 | D24: 38 | E24: 3969.74 | F24: 968.54 | G24: =F24/E24 | H24: =335.59000000000003/E24 | I24: =(F24/E24 - H24)*100 | J24: =E24-F24 | K24: =IF(G24>=0.95,"Excellent",IF(G24>=0.85,"Good",IF(G24>=0.70,"Watch","Critical"))) | L24: =RANK(G24,$G$4:$G$25,0) | M24: श्री नीतेश साहू | N24: 9755829852
A25: 22 | B25: भीमपुर | C25: भीमपुर सेक्टर क्र 22 | D25: 27 | E25: 2883.43 | F25: 979.43 | G25: =F25/E25 | H25: =979.4300000000002/E25 | I25: =(F25/E25 - H25)*100 | J25: =E25-F25 | K25: =IF(G25>=0.95,"Excellent",IF(G25>=0.85,"Good",IF(G25>=0.70,"Watch","Critical"))) | L25: =RANK(G25,$G$4:$G$25,0) | M25: श्री योगेश यादव | N25: 7089363619
B26: जिला कुल (DISTRICT TOTAL) | E26: =SUM(E4:E25) | F26: =SUM(F4:F25) | G26: =F26/E26 | H26: =SUMPRODUCT(E4:E25,H4:H25)/E26 | I26: =(G26-H26)*100 | J26: =E26-F26 | K26: TOTAL | L26: -

Sheet Dashboard
A1: 📊 कार्यकारी डैशबोर्ड / Executive Analytics Dashboard — October 2026
A2: मध्य प्रदेश राज्य नागरिक आपूर्ति निगम, जिला कार्यालय बैतूल | NFSA मासिक उठाव एवं POS समीक्षा
A5: कुल आवंटन / Total Allocation (Qt) | C5: कुल उठाव / Total Dispatch (Qt) | E5: जिला उठाव % / District Lift % | G5: लंबित मात्रा / Pending Quantity (Qt)
A6: =='Sector Detail'!Q2 | C6: =='Sector Detail'!Q3 | E6: =='Sector Detail'!Q4 | G6: =='Sector Detail'!Q5
A9: औसत POS प्राप्ति % / Avg POS Receipt % | C9: गंभीर सेक्टर / Critical Sectors (<70%) | E9: निगरानी सेक्टर / Watch Sectors (70-85%) | G9: उत्कृष्ट सेक्टर / Excellent Sectors (>=95%)
A10: =='Sector Detail'!Q6 | C10: =='Sector Detail'!Q7 | E10: =='Sector Detail'!Q8 | G10: =='Sector Detail'!Q9

Sheet Block Summary
A1: ब्लॉक-वार उठाव प्रदर्शन सारांश / Block-wise Lifting Performance Summary — October 2026
A3: Sr.No क्र. | B3: Block Name ब्लॉक नाम | C3: Sectors Count सेक्टर संख्या | D3: Allocation (Qt) कुल आवंटन | E3: Dispatch (Qt) कुल उठाव | F3: Lift % उठाव % | G3: Remaining (Qt) लंबित मात्रा | H3: Block Rank ब्लॉक रैंक
A4: 1 | B4: भैसदेही | C4: =COUNTIF('Sector Detail'!$B$4:$B$25, B4) | D4: =SUMIF('Sector Detail'!$B$4:$B$25, B4, 'Sector Detail'!$E$4:$E$25) | E4: =SUMIF('Sector Detail'!$B$4:$B$25, B4, 'Sector Detail'!$F$4:$F$25) | F4: =E4/D4 | G4: =D4-E4 | H4: =RANK(F4,$F$4:$F$13,0)
A5: 2 | B5: घोडाडोंगरी | C5: =COUNTIF('Sector Detail'!$B$4:$B$25, B5) | D5: =SUMIF('Sector Detail'!$B$4:$B$25, B5, 'Sector Detail'!$E$4:$E$25) | E5: =SUMIF('Sector Detail'!$B$4:$B$25, B5, 'Sector Detail'!$F$4:$F$25) | F5: =E5/D5 | G5: =D5-E5 | H5: =RANK(F5,$F$4:$F$13,0)
A6: 3 | B6: शाहपुर | C6: =COUNTIF('Sector Detail'!$B$4:$B$25, B6) | D6: =SUMIF('Sector Detail'!$B$4:$B$25, B6, 'Sector Detail'!$E$4:$E$25) | E6: =SUMIF('Sector Detail'!$B$4:$B$25, B6, 'Sector Detail'!$F$4:$F$25) | F6: =E6/D6 | G6: =D6-E6 | H6: =RANK(F6,$F$4:$F$13,0)
A7: 4 | B7: बैतूल | C7: =COUNTIF('Sector Detail'!$B$4:$B$25, B7) | D7: =SUMIF('Sector Detail'!$B$4:$B$25, B7, 'Sector Detail'!$E$4:$E$25) | E7: =SUMIF('Sector Detail'!$B$4:$B$25, B7, 'Sector Detail'!$F$4:$F$25) | F7: =E7/D7 | G7: =D7-E7 | H7: =RANK(F7,$F$4:$F$13,0)
A8: 5 | B8: चिचोली | C8: =COUNTIF('Sector Detail'!$B$4:$B$25, B8) | D8: =SUMIF('Sector Detail'!$B$4:$B$25, B8, 'Sector Detail'!$E$4:$E$25) | E8: =SUMIF('Sector Detail'!$B$4:$B$25, B8, 'Sector Detail'!$F$4:$F$25) | F8: =E8/D8 | G8: =D8-E8 | H8: =RANK(F8,$F$4:$F$13,0)
A9: 6 | B9: आठनेर | C9: =COUNTIF('Sector Detail'!$B$4:$B$25, B9) | D9: =SUMIF('Sector Detail'!$B$4:$B$25, B9, 'Sector Detail'!$E$4:$E$25) | E9: =SUMIF('Sector Detail'!$B$4:$B$25, B9, 'Sector Detail'!$F$4:$F$25) | F9: =E9/D9 | G9: =D9-E9 | H9: =RANK(F9,$F$4:$F$13,0)
A10: 7 | B10: भीमपुर | C10: =COUNTIF('Sector Detail'!$B$4:$B$25, B10) | D10: =SUMIF('Sector Detail'!$B$4:$B$25, B10, 'Sector Detail'!$E$4:$E$25) | E10: =SUMIF('Sector Detail'!$B$4:$B$25, B10, 'Sector Detail'!$F$4:$F$25) | F10: =E10/D10 | G10: =D10-E10 | H10: =RANK(F10,$F$4:$F$13,0)
A11: 8 | B11: प्रभातपटटन | C11: =COUNTIF('Sector Detail'!$B$4:$B$25, B11) | D11: =SUMIF('Sector Detail'!$B$4:$B$25, B11, 'Sector Detail'!$E$4:$E$25) | E11: =SUMIF('Sector Detail'!$B$4:$B$25, B11, 'Sector Detail'!$F$4:$F$25) | F11: =E11/D11 | G11: =D11-E11 | H11: =RANK(F11,$F$4:$F$13,0)
A12: 9 | B12: मुलताई | C12: =COUNTIF('Sector Detail'!$B$4:$B$25, B12) | D12: =SUMIF('Sector Detail'!$B$4:$B$25, B12, 'Sector Detail'!$E$4:$E$25) | E12: =SUMIF('Sector Detail'!$B$4:$B$25, B12, 'Sector Detail'!$F$4:$F$25) | F12: =E12/D12 | G12: =D12-E12 | H12: =RANK(F12,$F$4:$F$13,0)
A13: 10 | B13: आमला | C13: =COUNTIF('Sector Detail'!$B$4:$B$25, B13) | D13: =SUMIF('Sector Detail'!$B$4:$B$25, B13, 'Sector Detail'!$E$4:$E$25) | E13: =SUMIF('Sector Detail'!$B$4:$B$25, B13, 'Sector Detail'!$F$4:$F$25) | F13: =E13/D13 | G13: =D13-E13 | H13: =RANK(F13,$F$4:$F$13,0)
B14: कुल योग (TOTAL) | C14: =SUM(C4:C13) | D14: =SUM(D4:D13) | E14: =SUM(E4:E13) | F14: =E14/D14 | G14: =D14-E14 | H14: -

Sheet Transporter Analysis
A1: परिवहनकर्ता कार्यक्षमता एवं क्षमता समीक्षा / Transporter Performance & Capacity Analysis — October 2026
A3: Sr.No क्र. | B3: Transporter Name परिवहनकर्ता नाम | C3: Sector / Block सेक्टर / ब्लॉक | D3: Allocation (Qt) कुल आवंटन | E3: Dispatch (Qt) कुल उठाव | F3: Lift % उठाव % | G3: Remaining (Qt) लंबित मात्रा | H3: Capacity Remark क्षमता टिप्पणी
A4: 1 | B4: श्री अभिषेक मालवीय | C4: भैसदेही सेक्टर क्र 12 | D4: =SUMIF('Sector Detail'!$M$4:$M$25, B4, 'Sector Detail'!$E$4:$E$25) | E4: =SUMIF('Sector Detail'!$M$4:$M$25, B4, 'Sector Detail'!$F$4:$F$25) | F4: =E4/D4 | G4: =D4-E4 | H4: =IF(ISNUMBER(SEARCH(",", C4)), "एकाधिक सेक्टर — क्षमता जांचें / Multiple sectors — verify capacity", "सामान्य / Normal")
A5: 2 | B5: श्री अंकित राठौर | C5: घोडाडोंगरी सेक्टर क्र 8 | D5: =SUMIF('Sector Detail'!$M$4:$M$25, B5, 'Sector Detail'!$E$4:$E$25) | E5: =SUMIF('Sector Detail'!$M$4:$M$25, B5, 'Sector Detail'!$F$4:$F$25) | F5: =E5/D5 | G5: =D5-E5 | H5: =IF(ISNUMBER(SEARCH(",", C5)), "एकाधिक सेक्टर — क्षमता जांचें / Multiple sectors — verify capacity", "सामान्य / Normal")
A6: 3 | B6: श्री दिनेश लिखितकर | C6: भैसदेही सेक्टर क्र 13 | D6: =SUMIF('Sector Detail'!$M$4:$M$25, B6, 'Sector Detail'!$E$4:$E$25) | E6: =SUMIF('Sector Detail'!$M$4:$M$25, B6, 'Sector Detail'!$F$4:$F$25) | F6: =E6/D6 | G6: =D6-E6 | H6: =IF(ISNUMBER(SEARCH(",", C6)), "एकाधिक सेक्टर — क्षमता जांचें / Multiple sectors — verify capacity", "सामान्य / Normal")
A7: 4 | B7: श्री मुकेश राठौर | C7: घोडाडोंगरी सेक्टर क्र 7 | D7: =SUMIF('Sector Detail'!$M$4:$M$25, B7, 'Sector Detail'!$E$4:$E$25) | E7: =SUMIF('Sector Detail'!$M$4:$M$25, B7, 'Sector Detail'!$F$4:$F$25) | F7: =E7/D7 | G7: =D7-E7 | H7: =IF(ISNUMBER(SEARCH(",", C7)), "एकाधिक सेक्टर — क्षमता जांचें / Multiple sectors — verify capacity", "सामान्य / Normal")
A8: 5 | B8: श्री प्रितम कावरे | C8: शाहपुर सेक्टर क्र 5 | D8: =SUMIF('Sector Detail'!$M$4:$M$25, B8, 'Sector Detail'!$E$4:$E$25) | E8: =SUMIF('Sector Detail'!$M$4:$M$25, B8, 'Sector Detail'!$F$4:$F$25) | F8: =E8/D8 | G8: =D8-E8 | H8: =IF(ISNUMBER(SEARCH(",", C8)), "एकाधिक सेक्टर — क्षमता जांचें / Multiple sectors — verify capacity", "सामान्य / Normal")
A9: 6 | B9: श्री प्रदीप सिंह | C9: बैतूल सेक्टर क्र 1 | D9: =SUMIF('Sector Detail'!$M$4:$M$25, B9, 'Sector Detail'!$E$4:$E$25) | E9: =SUMIF('Sector Detail'!$M$4:$M$25, B9, 'Sector Detail'!$F$4:$F$25) | F9: =E9/D9 | G9: =D9-E9 | H9: =IF(ISNUMBER(SEARCH(",", C9)), "एकाधिक सेक्टर — क्षमता जांचें / Multiple sectors — verify capacity", "सामान्य / Normal")
A10: 7 | B10: श्री विनोद यादव | C10: शाहपुर सेक्टर क्र 4 | D10: =SUMIF('Sector Detail'!$M$4:$M$25, B10, 'Sector Detail'!$E$4:$E$25) | E10: =SUMIF('Sector Detail'!$M$4:$M$25, B10, 'Sector Detail'!$F$4:$F$25) | F10: =E10/D10 | G10: =D10-E10 | H10: =IF(ISNUMBER(SEARCH(",", C10)), "एकाधिक सेक्टर — क्षमता जांचें / Multiple sectors — verify capacity", "सामान्य / Normal")
A11: 8 | B11: श्री निलेश सोनी | C11: आठनेर सेक्टर क्र 15 | D11: =SUMIF('Sector Detail'!$M$4:$M$25, B11, 'Sector Detail'!$E$4:$E$25) | E11: =SUMIF('Sector Detail'!$M$4:$M$25, B11, 'Sector Detail'!$F$4:$F$25) | F11: =E11/D11 | G11: =D11-E11 | H11: =IF(ISNUMBER(SEARCH(",", C11)), "एकाधिक सेक्टर — क्षमता जांचें / Multiple sectors — verify capacity", "सामान्य / Normal")
A12: 9 | B12: श्री नीलू रैचे | C12: भीमपुर सेक्टर क्र 10 | D12: =SUMIF('Sector Detail'!$M$4:$M$25, B12, 'Sector Detail'!$E$4:$E$25) | E12: =SUMIF('Sector Detail'!$M$4:$M$25, B12, 'Sector Detail'!$F$4:$F$25) | F12: =E12/D12 | G12: =D12-E12 | H12: =IF(ISNUMBER(SEARCH(",", C12)), "एकाधिक सेक्टर — क्षमता जांचें / Multiple sectors — verify capacity", "सामान्य / Normal")
A13: 10 | B13: श्री सौरभ भारद्वाज | C13: चिचोली सेक्टर क्र 9 | D13: =SUMIF('Sector Detail'!$M$4:$M$25, B13, 'Sector Detail'!$E$4:$E$25) | E13: =SUMIF('Sector Detail'!$M$4:$M$25, B13, 'Sector Detail'!$F$4:$F$25) | F13: =E13/D13 | G13: =D13-E13 | H13: =IF(ISNUMBER(SEARCH(",", C13)), "एकाधिक सेक्टर — क्षमता जांचें / Multiple sectors — verify capacity", "सामान्य / Normal")
A14: 11 | B14: श्री पीयूष आर्य | C14: बैतूल सेक्टर क्र 2, भीमपुर सेक्टर क्र 11 | D14: =SUMIF('Sector Detail'!$M$4:$M$25, B14, 'Sector Detail'!$E$4:$E$25) | E14: =SUMIF('Sector Detail'!$M$4:$M$25, B14, 'Sector Detail'!$F$4:$F$25) | F14: =E14/D14 | G14: =D14-E14 | H14: =IF(ISNUMBER(SEARCH(",", C14)), "एकाधिक सेक्टर — क्षमता जांचें / Multiple sectors — verify capacity", "सामान्य / Normal")
A15: 12 | B15: श्री योगेश यादव | C15: भीमपुर सेक्टर क्र 22 | D15: =SUMIF('Sector Detail'!$M$4:$M$25, B15, 'Sector Detail'!$E$4:$E$25) | E15: =SUMIF('Sector Detail'!$M$4:$M$25, B15, 'Sector Detail'!$F$4:$F$25) | F15: =E15/D15 | G15: =D15-E15 | H15: =IF(ISNUMBER(SEARCH(",", C15)), "एकाधिक सेक्टर — क्षमता जांचें / Multiple sectors — verify capacity", "सामान्य / Normal")
... A24: 21 | B24: श्री रविन्द्र सिंह तोमर | C24: आमला सेक्टर क्र 20 | D24: =SUMIF('Sector Detail'!$M$4:$M$25, B24, 'Sector Detail'!$E$4:$E$25) | E24: =SUMIF('Sector Detail'!$M$4:$M$25, B24, 'Sector Detail'!$F$4:$F$25) | F24: =E24/D24 | G24: =D24-E24 | H24: =IF(ISNUMBER(SEARCH(",", C24)), "एकाधिक सेक्टर — क्षमता जांचें / Multiple sectors — verify capacity", "सामान्य / Normal")

Sheet Action Plan
A1: 🎯 प्राथमिकता कार्रवाई योजना / Priority Action Plan (Lift % < 85%) — October 2026
A3: Sr.No क्र. | B3: Sector Name सेक्टर नाम | C3: Block ब्लॉक | D3: Lift % उठाव % | E3: Remaining (Qt) लंबित मात्रा | F3: Risk Tier जोखिम श्रेणी | G3: Transporter & Mobile परिवहनकर्ता एवं संपर्क | H3: Recommended Action अनुशंसित त्वरित कार्रवाई
A4: 1 | B4: आमला सेक्टर क्र 20 | C4: आमला | D4: 0.16305413 | E4: 3577.5 | F4: गंभीर | G4: श्री रविन्द्र सिंह तोमर (9893903157) | H4: 48 घंटे के भीतर प्रदाय सुनिश्चित करें एवं समीक्षा करें / Ensure dispatch & review within 48 hours
A5: 2 | B5: मुलताई सेक्टर क्र 19 | C5: मुलताई | D5: 0.20121873 | E5: 2920.56 | F5: गंभीर | G5: श्री विरेन्द्र परिहार (7389431405) | H5: 48 घंटे के भीतर प्रदाय सुनिश्चित करें एवं समीक्षा करें / Ensure dispatch & review within 48 hours [ध्वज: POS फीडिंग विलंब (+17.6%) - दुकान स्तर एंट्री सत्यापित करें]
A6: 3 | B6: आमला सेक्टर क्र 21 | C6: आमला | D6: 0.24398071 | E6: 3001.2 | F6: गंभीर | G6: श्री नीतेश साहू (9755829852) | H6: 48 घंटे के भीतर प्रदाय सुनिश्चित करें एवं समीक्षा करें / Ensure dispatch & review within 48 hours [ध्वज: POS फीडिंग विलंब (+15.9%) - दुकान स्तर एंट्री सत्यापित करें]
A7: 4 | B7: मुलताई क्र सेक्टर 18 | C7: मुलताई | D7: 0.26068167 | E7: 2730.31 | F7: गंभीर | G7: श्री जितेन्द्र सिंह (9399942746) | H7: 48 घंटे के भीतर प्रदाय सुनिश्चित करें एवं समीक्षा करें / Ensure dispatch & review within 48 hours [ध्वज: POS फीडिंग विलंब (+17.8%) - दुकान स्तर एंट्री सत्यापित करें]
A8: 5 | B8: प्रभातपटटन सेक्टर क्र 17 | C8: प्रभातपटटन | D8: 0.26214837 | E8: 2301.92 | F8: गंभीर | G8: श्री ओमप्रकाश भोपते (8989100399) | H8: 48 घंटे के भीतर प्रदाय सुनिश्चित करें एवं समीक्षा करें / Ensure dispatch & review within 48 hours [ध्वज: POS फीडिंग विलंब (+19.9%) - दुकान स्तर एंट्री सत्यापित करें]
A9: 6 | B9: प्रभातपटटन सेक्टर क्र 16 | C9: प्रभातपटटन | D9: 0.26356058 | E9: 2473.7 | F9: गंभीर | G9: श्री दुर्गादास सोनारे (9975003109) | H9: 48 घंटे के भीतर प्रदाय सुनिश्चित करें एवं समीक्षा करें / Ensure dispatch & review within 48 hours [ध्वज: POS फीडिंग विलंब (+21.3%) - दुकान स्तर एंट्री सत्यापित करें]
A10: 7 | B10: बैतूल सेक्टर क्र 3 | C10: बैतूल | D10: 0.28150748 | E10: 2874.2 | F10: गंभीर | G10: श्री राहुल परिहार (7489479209) | H10: 48 घंटे के भीतर प्रदाय सुनिश्चित करें एवं समीक्षा करें / Ensure dispatch & review within 48 hours
A11: 8 | B11: आठनेर सेक्टर क्र 14 | C11: आठनेर | D11: 0.309994 | E11: 2045.44 | F11: गंभीर | G11: श्री सुभाष राठौर (9406566700) | H11: 48 घंटे के भीतर प्रदाय सुनिश्चित करें एवं समीक्षा करें / Ensure dispatch & review within 48 hours
A12: 9 | B12: भीमपुर सेक्टर क्र 11 | C12: भीमपुर | D12: 0.31202829 | E12: 2104.76 | F12: गंभीर | G12: श्री पीयूष आर्य (9977060636) | H12: 48 घंटे के भीतर प्रदाय सुनिश्चित करें एवं समीक्षा करें / Ensure dispatch & review within 48 hours
A13: 10 | B13: घोडाडोंगरी सेक्टर क्र 6 | C13: घोडाडोंगरी | D13: 0.33390677 | E13: 1676.55 | F13: गंभीर | G13: श्री साजन राठौर (9685311795) | H13: 48 घंटे के भीतर प्रदाय सुनिश्चित करें एवं समीक्षा करें / Ensure dispatch & review within 48 hours
A14: 11 | B14: भीमपुर सेक्टर क्र 22 | C14: भीमपुर | D14: 0.33967532 | E14: 1904 | F14: गंभीर | G14: श्री योगेश यादव (7089363619) | H14: 48 घंटे के भीतर प्रदाय सुनिश्चित करें एवं समीक्षा करें / Ensure dispatch & review within 48 hours
A15: 12 | B15: चिचोली सेक्टर क्र 9 | C15: चिचोली | D15: 0.36517164 | E15: 1864.11 | F15: गंभीर | G15: श्री सौरभ भारद्वाज (8109700701) | H15: 48 घंटे के भीतर प्रदाय सुनिश्चित करें एवं समीक्षा करें / Ensure dispatch & review within 48 hours
... A25: 22 | B25: भैसदेही सेक्टर क्र 12 | C25: भैसदेही | D25: 0.6667527 | E25: 1084.52 | F25: गंभीर | G25: श्री अभिषेक मालवीय (9669921969) | H25: 48 घंटे के भीतर प्रदाय सुनिश्चित करें एवं समीक्षा करें / Ensure dispatch & review within 48 hours [ध्वज: POS फीडिंग विलंब (+23.1%) - दुकान स्तर एंट्री सत्यापित करें]
